code,name,rate
EUR,Euro,0.93193616579433
GBP,U.K. Pound Sterling,0.82781645215259
JPY,Japanese Yen,131.19949431214
AUD,Australian Dollar,1.4397738643225
CHF,Swiss Franc,0.92028900908102
CAD,Canadian Dollar,1.3423076593907
NZD,New Zealand Dollar,1.5833908076057
TRY,Turkish Lira,18.834026664285
NGN,Nigerian Naira,460.38643603134
KGS,Kyrgyzstan Som,86.204686365509
MGA,Malagasy ariary,4304.1015625001
SRD,Surinamese dollar,32.599112426036
GHS,Ghanaian Cedi,12.171775752555
CUP,Cuban peso,1
NOK,Norwegian Krone,10.292276111553
QAR,Qatari Rial,3.647456564218
CZK,Czech Koruna,22.151198870847
HRK,Croatian Kuna,7.3622679377822
RSD,Serbian Dinar,108.50813677066
NIO,Nicaraguan Córdoba,36.5456053068
SBD,Solomon Islands dollar,8.4142802596411
MWK,Malawian kwacha,1026.1699650757
YER,Yemeni rial,250.16460438188
VES,Venezuelan Bolivar,23.119577018125
BDT,Bangladeshi taka,105.55357494865
RON,Romanian New Leu,4.561702839269
DZD,Algerian Dinar,136.08707546405
ARS,Argentine Peso,189.54063945171
STN,São Tomé and Príncipe Dobra,23.015143603134
BIF,Burundian franc,2075.0470809793
MMK,Myanma Kyat,2099.7617913292
MUR,Mauritian Rupee,45.343621399176
AED,U.A.E Dirham,3.6729258207663
IDR,Indonesian Rupiah,15094.627023151
MXN,Mexican Peso,18.930368210099
UAH,Ukrainian Hryvnia,36.471949418503
CRC,Costa Rican Colón,582.30700358177
BZD,Belize dollar,2.0152720621857
GNF,Guinean franc,8608.2031250002
SZL,Swazi lilangeni,17.517488076312
SOS,Somali shilling,568.33010960672
INR,Indian Rupee,82.61621692441
NPR,Nepalese Rupee,132.22300217532
XAF,Central African CFA Franc,611.44726610174
AZN,Azerbaijan Manat,1.6969620326628
PYG,Paraguayan Guaraní,7285.4048170774
GYD,Guyanese dollar,210.95103623224
RWF,Rwandan franc,1084.4980314961
ERN,Eritrean nakfa,15.073187414501
WST,Samoan tala,2.6917063637474
BRL,Brazilian Real,5.1979076060451
LKR,Sri Lanka Rupee,366.23092436016
TND,Tunisian Dinar,3.0659547199457
VND,Vietnamese Dong,23535.787798723
IQD,Iraqi dinar,1459.9450898656
AFN,Afghan afghani,90.147470904667
NAD,Namibian dollar,17.517488076312
SYP,Syrian pound,2448.5555555556
MOP,Macanese pataca,8.0825233816249
BAM,Bosnia and Herzegovina convertible mark,1.8237265692887
DKK,Danish Krone,6.9317566293577
PKR,Pakistani Rupee,268.49663239375
BGN,Bulgarian Lev,1.8216378121043
RUB,Russian Rouble,73.13025012108
TMT,New Turkmenistan Manat,3.4991991571149
SVC,Salvadoran colon,8.7535253227409
XCD,East Caribbean Dollar,2.7057523482105
LAK,Lao kip,16822.137404581
GTQ,Guatemalan Quetzal,7.8409535669812
SAR,Saudi Riyal,3.7522112664965
PLN,Polish Zloty,4.4128685921236
GIP,Gibraltar pound,0.8280832513416
GEL,Georgian lari,2.6507535577517
MKD,Macedonian denar,57.302961749486
AWG,Aruban florin,1.8098718791065
AOA,Angolan kwanza,512.48837209302
MVR,Maldivian rufiyaa,15.453716690042
BHD,Bahrain Dinar,0.3766439820792
EGP,Egyptian Pound,30.364809844914
KRW,South Korean Won,1260.4690703693
MRO,Mauritanian Ouguiya,36.020106861643
COP,Colombian Peso,4746.4294229853
BBD,Barbadian Dollar,2.0185948520656
DJF,Djiboutian franc,177.9832815087
HNL,Honduran Lempira,24.649888143177
KES,Kenyan shilling,124.86613593224
HKD,Hong Kong Dollar,7.8488108130589
MAD,Moroccan Dirham,10.227205009126
ZAR,South African Rand,17.71922356111
MDL,Moldova Lei,18.796201297002
PAB,Panamanian Balboa,1
FJD,Fiji Dollar,2.2012785935471
CDF,Congolese franc,2074.0705882353
MZN,Mozambican metical,64.247813411081
UGX,Ugandan shilling,3672.8333333334
KWD,Kuwaiti Dinar,0.30555750395281
THB,Thai Baht,33.400439168086
TWD,New Taiwan Dollar ,30.06651320458
IRR,Iranian rial,41997.790682389
BOB,Bolivian Boliviano,6.8840752351098
LRD,Liberian dollar,156.84697508897
SDG,Sudanese pound,565.0512820513
TOP,Tongan pa?anga,2.3803197234824
VUV,Vanuatu vatu,121.41932284636
OMR,Omani Rial,0.38471051990625
ILS,Israeli New Sheqel,3.4827458676706
PEN,Peruvian Nuevo Sol,3.8544262262417
UZS,Uzbekistan Sum,11278.033283792
ETB,Ethiopian birr,53.683313032887
TTD,Trinidad Tobago Dollar,6.7774873135478
PGK,Papua New Guinean kina,3.5242283703823
BWP,Botswana Pula,12.924926686217
SEK,Swedish Krona,10.584592081119
SGD,Singapore Dollar,1.3255064881615
HUF,Hungarian Forint,361.70826218055
BYN,Belarussian Ruble,2.7865526473696
TJS,Tajikistan Ruble,10.294292215891
GMD,Gambian dalasi,63.233859397417
CVE,Cape Verde escudo,102.97663551402
ZMW,Zambian kwacha,19.221107719145
KHR,Cambodian riel,4096.0966542752
DOP,Dominican Peso,56.407000864937
CNY,Chinese Yuan,6.7878900988455
ISK,Icelandic Krona,141.09819248485
LYD,Libyan Dinar,4.7812456938109
CLP,Chilean Peso,796.79626587635
BSD,Bahamian Dollar,1
XPF,CFP Franc,110.95614520921
ALL,Albanian lek,107.96629268532
SCR,Seychelles rupee,13.615693543404
ANG,Neth. Antillean Guilder,1.7959039787671
LBP,Lebanese Pound,4634.1569978853
MYR,Malaysian Ringgit,4.2920532661343
KZT,Kazakhstani Tenge,455.42503994346
HTG,Haitian gourde,150.61935203109
BND,Brunei Dollar,1.3233448431167
KMF,"	Comoro franc",460.73593978676
LSL,Lesotho loti,17.517488076312
TZS,Tanzanian shilling,2336.9034994698
JOD,Jordanian Dinar,0.70959540568023
PHP,Philippine Peso,54.814725806971
XOF,West African CFA Franc,611.3128461516
AMD,Armenia Dram,395.69275352781
UYU,Uruguayan Peso,39.192778010294
JMD,Jamaican Dollar,154.64561403509
SSP,South Sudanese pound,741.98653198655
MRU,Mauritanian ouguiya,36.364686468647
MNT,Mongolian togrog,3506.2848050916
